{"cameraMode":{"drawMode":0,"name":"Shaded","section":"Shading Mode"},"sceneLighting":true,"audioPlay":false,"sceneViewState":{"m_AlwaysRefresh":false,"showFog":true,"showSkybox":true,"showFlares":true,"showImageEffects":true,"showParticleSystems":true,"showVisualEffectGraphs":true,"m_FxEnabled":true},"in2DMode":false,"pivot":{"x":1.145431637763977,"y":-11.989265441894532,"z":-29.01854705810547},"rotation":{"x":0.005334930494427681,"y":0.9556400179862976,"z":-0.2940542995929718,"w":0.017425894737243654},"size":13.60782241821289,"orthographic":false}