{"cameraMode":{"drawMode":0,"name":"Shaded","section":"Shading Mode"},"sceneLighting":true,"audioPlay":false,"sceneViewState":{"m_AlwaysRefresh":false,"showFog":true,"showSkybox":true,"showFlares":true,"showImageEffects":true,"showParticleSystems":true,"showVisualEffectGraphs":true,"m_FxEnabled":true},"in2DMode":false,"pivot":{"x":-1.4792299270629883,"y":2.2435641288757326,"z":3.2237563133239748},"rotation":{"x":-0.17373545467853547,"y":0.13942493498325349,"z":-0.02482706680893898,"w":-0.9745864868164063},"size":0.4716418981552124,"orthographic":false}