{"cameraMode":{"drawMode":0,"name":"Shaded","section":"Shading Mode"},"sceneLighting":true,"audioPlay":false,"sceneViewState":{"m_AlwaysRefresh":false,"showFog":true,"showSkybox":true,"showFlares":true,"showImageEffects":true,"showParticleSystems":true,"showVisualEffectGraphs":true,"m_FxEnabled":true},"in2DMode":false,"pivot":{"x":-1.8095662593841553,"y":2.042856454849243,"z":10.496417999267579},"rotation":{"x":0.03449153155088425,"y":-0.026071369647979738,"z":0.0008928983588702977,"w":0.9990758895874023},"size":7.646875381469727,"orthographic":false}